"userName";"id"
"faucibus@ametlorem.net";1
"malesuada.fringilla@ametlorems";2
"varius@Aliquamtincidunt.edu";3
"accumsan.neque.et@Duisacarcu.c";4
"eu.lacus.Quisque@odioapurus.ne";5
"Praesent@Cumsociis.edu";6
"faucibus.orci@vitaeorci.org";7
"vel.nisl@duiSuspendisse.org";8
"malesuada.Integer.id@sed.edu";10
"dis.parturient@Integerurna.co.";11
"Sed.neque@ullamcorpervelitin.c";12
"Aenean@Integer.co.uk";13
"sociosqu.ad.litora@eratvolutpa";17
"Cum@ut.co.uk";18
"lorem@a.co.uk";19
"posuere.at@atarcuVestibulum.ed";20
"ut@sitametante.co.uk";21
"tellus@ultrices.com";22
"dictum.Proin@acurna.com";23
"pretium.aliquet@tinciduntadipi";24
"nec@enimnonnisi.com";25
"non.dapibus.rutrum@Vivamusnibh";26
"enim@sitametconsectetuer.net";28
"magna@aliquetsem.ca";29
"magna.Praesent@consectetueradi";30
"doesntMatter";35
"test@io";37
"test";38
